Datetime,MW,hour,dayofweek,month,MW_lag1,MW_lag7,MW_rolling7,anomaly,iso_score
2002-07-30,45768.791666666664,0,1,7,45874.75,44348.166666666664,37239.30357142857,-1,-0.6381973695851018
2002-08-02,44885.083333333336,0,4,8,44532.291666666664,31547.083333333332,41558.17857142857,-1,-0.5993701304098269
2002-08-03,39179.791666666664,0,5,8,44885.083333333336,30368.875,42816.880952380954,-1,-0.6074451471113428
2002-08-05,43450.625,0,0,8,39653.5,45874.75,43021.630952380954,-1,-0.6205240436692281
2002-08-06,36512.875,0,1,8,43450.625,45768.791666666664,41699.357142857145,-1,-0.6090910702586717
2002-08-14,45580.375,0,2,8,44836.333333333336,31970.75,37898.33928571428,-1,-0.5959850094326815
2002-08-15,45294.416666666664,0,3,8,45580.375,32463.5,39731.327380952374,-1,-0.5942721084049355
2002-08-16,44693.833333333336,0,4,8,45294.416666666664,33465.125,41335.42857142857,-1,-0.6003070072287608
2002-08-17,41378.916666666664,0,5,8,44693.833333333336,32546.333333333332,42597.2261904762,-1,-0.6030063221367647
2002-08-18,41063.041666666664,0,6,8,41378.916666666664,34326.958333333336,43559.5238095238,-1,-0.5980227468759918
2002-08-19,44474.416666666664,0,0,8,41063.041666666664,42069.75,43903.04761904762,-1,-0.6055685513337167
2002-08-20,41965.166666666664,0,1,8,44474.416666666664,44836.333333333336,43492.88095238095,-1,-0.6317125933084332
2005-06-14,45736.375,0,1,6,43247.416666666664,38071.208333333336,41186.642857142855,-1,-0.5955021897301472
2005-06-15,42553.208333333336,0,2,6,45736.375,41303.166666666664,41365.22023809523,-1,-0.6024630541471216
2005-07-19,46461.416666666664,0,1,7,44859.166666666664,43082.208333333336,41522.15476190477,-1,-0.6136453805034809
2005-07-20,45174.791666666664,0,2,7,46461.416666666664,40571.625,42179.75,-1,-0.6017990207378461
2005-07-21,43912.541666666664,0,3,7,45174.791666666664,41229.833333333336,42562.994047619046,-1,-0.5971487506976308
2005-07-22,44732.625,0,4,7,43912.541666666664,41663.375,43001.45833333333,-1,-0.6044254240999296
2005-07-23,39023.125,0,5,7,44732.625,38107.166666666664,43132.30952380952,-1,-0.5961160472922168
2005-07-25,42357.041666666664,0,0,7,34728.166666666664,44859.166666666664,42341.3869047619,-1,-0.6098420214807208
2005-07-26,47254.791666666664,0,1,7,42357.041666666664,46461.416666666664,42454.72619047619,-1,-0.6356788970625653
2005-07-27,48413.083333333336,0,2,7,47254.791666666664,45174.791666666664,42917.33928571428,-1,-0.6596777613051558
2005-07-28,39144.541666666664,0,3,7,48413.083333333336,43912.541666666664,42236.19642857143,-1,-0.6070078883268414
2005-08-02,44364.291666666664,0,1,8,40480.791666666664,47254.791666666664,40217.66666666667,-1,-0.6010319642670027
2005-08-03,45903.875,0,2,8,44364.291666666664,48413.083333333336,39859.20833333333,-1,-0.6258715183217888
2005-08-04,46858.916666666664,0,3,8,45903.875,39144.541666666664,40961.2619047619,-1,-0.5979118092670267
2005-08-05,46255.75,0,4,8,46858.916666666664,37906.708333333336,42153.982142857145,-1,-0.6197226733582855
2005-08-06,38851.75,0,5,8,46255.75,36421.375,42501.17857142857,-1,-0.609420993630185
2005-08-12,46423.25,0,4,8,44564.333333333336,46255.75,40809.56547619047,-1,-0.6396812141284022
2005-08-13,45570.208333333336,0,5,8,46423.25,38851.75,41769.345238095244,-1,-0.6364653420376628
2005-08-14,44383.166666666664,0,6,8,45570.208333333336,36678.666666666664,42869.9880952381,-1,-0.6441653052251309
2005-08-15,42484.708333333336,0,0,8,44383.166666666664,40141.416666666664,43204.74404761905,-1,-0.6133500577582403
2005-08-21,40212.083333333336,0,6,8,36476.541666666664,44383.166666666664,38635.09523809523,-1,-0.6002708721240722
2006-07-18,48221.208333333336,0,1,7,46962.625,43289.166666666664,42863.17857142857,-1,-0.6422183396454689
2006-07-19,43492.541666666664,0,2,7,48221.208333333336,43543.625,42855.880952380954,-1,-0.6219294158904538
2006-07-21,44045.958333333336,0,4,7,43184.5,41988.333333333336,43379.380952380954,-1,-0.6024964758086772
2006-07-28,43258.291666666664,0,4,7,44590.25,44045.958333333336,40161.14880952381,-1,-0.6053212494818841
2006-07-31,46390.125,0,0,7,41868.416666666664,38355.458333333336,42919.55357142857,-1,-0.6100482371372254
2006-08-01,50224.875,0,1,8,46390.125,40270.875,44341.55357142857,-1,-0.6488140960025746
2006-08-02,52229.833333333336,0,2,8,50224.875,42720.791666666664,45699.98809523809,-1,-0.6781940698013614
2006-08-03,51823.5,0,3,8,52229.833333333336,44590.25,46733.30952380952,-1,-0.6952016924353713
2006-08-04,46678.416666666664,0,4,8,51823.5,43258.291666666664,47221.89880952381,-1,-0.682474903857691
2006-08-05,38798.041666666664,0,5,8,46678.416666666664,41338.125,46859.02976190477,-1,-0.6432884486915533
2006-08-07,43360.666666666664,0,0,8,37087.875,46390.125,45743.31547619047,-1,-0.6317766333585686
2006-08-08,42089.291666666664,0,1,8,43360.666666666664,50224.875,44581.08928571428,-1,-0.6351182034753365
2006-08-09,37886.333333333336,0,2,8,42089.291666666664,52229.833333333336,42532.017857142855,-1,-0.5972287455874719
2007-07-10,45925.5,0,1,7,45178.833333333336,31839.708333333332,37888.93452380953,-1,-0.6025829227549443
2007-07-11,43263.041666666664,0,2,7,45925.5,29251.208333333332,39890.625,-1,-0.5974893904648518
2007-08-03,45370.375,0,4,8,45046.416666666664,41752.416666666664,41314.84523809523,-1,-0.6130045568703898
2007-08-04,42069.0,0,5,8,45370.375,38738.75,41790.59523809523,-1,-0.6098319065918802
2007-08-07,45809.541666666664,0,1,8,42150.833333333336,41551.0,42899.744047619046,-1,-0.5956215423925413
2007-08-08,48939.25,0,2,8,45809.541666666664,42768.625,43781.2619047619,-1,-0.6490778376645631
2007-08-09,44415.958333333336,0,3,8,48939.25,45046.416666666664,43691.19642857143,-1,-0.6505405863008463
2007-08-10,39711.375,0,4,8,44415.958333333336,45370.375,42882.767857142855,-1,-0.6252507100853028
2008-06-09,47511.833333333336,0,0,6,41483.125,32090.75,37389.357142857145,-1,-0.6105684859009659
2008-06-10,47808.166666666664,0,1,6,47511.833333333336,32979.208333333336,39507.77976190477,-1,-0.6342110624989743
2008-07-20,42771.458333333336,0,6,7,42542.083333333336,37246.375,41528.41071428572,-1,-0.5985568945978106
2008-07-21,45132.708333333336,0,0,7,42771.458333333336,38398.416666666664,42490.45238095238,-1,-0.5980727222333151
2008-07-22,44301.333333333336,0,1,7,45132.708333333336,39134.291666666664,43228.6011904762,-1,-0.6057109173992118
2010-06-28,45642.541666666664,0,0,6,40209.333333333336,41237.75,41816.72023809523,-1,-0.605405037948212
2010-06-29,42349.583333333336,0,1,6,45642.541666666664,40804.125,42037.5,-1,-0.615098625940584
2010-07-07,48745.708333333336,0,2,7,47666.25,34175.375,38258.541666666664,-1,-0.6229757092406113
2010-07-08,46137.625,0,3,7,48745.708333333336,32085.0,40266.05952380952,-1,-0.6164972692160557
2010-07-09,43616.458333333336,0,4,7,46137.625,31624.833333333332,41979.14880952381,-1,-0.6043184664359192
2010-07-22,43305.0,0,3,7,44683.541666666664,41645.583333333336,43313.369047619046,-1,-0.5975745856719569
2010-07-23,44146.541666666664,0,4,7,43305.0,44694.125,43235.142857142855,-1,-0.6178041340854808
2010-07-24,46764.541666666664,0,5,7,44146.541666666664,41806.0,43943.505952380954,-1,-0.6463099958532244
2010-07-25,41753.875,0,6,7,46764.541666666664,41626.0,43961.77380952381,-1,-0.6460634824907054
2010-07-26,38201.25,0,0,7,41753.875,44286.041666666664,43092.517857142855,-1,-0.5947476407851591
2010-08-11,45584.125,0,2,8,45209.958333333336,43882.25,41460.14880952381,-1,-0.6155750111811338
2010-08-12,40312.958333333336,0,3,8,45584.125,44652.541666666664,40840.20833333333,-1,-0.6027127974541037
2011-07-19,45405.333333333336,0,1,7,43557.166666666664,45653.458333333336,39211.404761904756,-1,-0.618907828783868
2011-07-21,48978.208333333336,0,3,7,45009.041666666664,36260.958333333336,41494.17261904762,-1,-0.6047981077875046
2011-07-22,51987.458333333336,0,4,7,48978.208333333336,36210.791666666664,43747.982142857145,-1,-0.6691714615009177
2011-07-23,47976.625,0,5,7,51987.458333333336,34866.791666666664,45620.81547619048,-1,-0.6746257379937025
2011-07-24,44416.625,0,6,7,47976.625,36431.875,46761.49404761905,-1,-0.6544318076348585
2011-07-25,41874.875,0,0,7,44416.625,43557.166666666664,46521.16666666667,-1,-0.6227476277291001
2011-07-26,41916.833333333336,0,1,7,41874.875,45405.333333333336,46022.80952380953,-1,-0.6160736587557901
2011-07-27,40278.0,0,2,7,41916.833333333336,45009.041666666664,45346.94642857143,-1,-0.5975112581412562
2011-07-28,39856.041666666664,0,3,7,40278.0,48978.208333333336,44043.77976190477,-1,-0.5948582610588343
2011-07-29,43492.625,0,4,7,39856.041666666664,51987.458333333336,42830.232142857145,-1,-0.6022602533345053
2011-07-30,40826.041666666664,0,5,7,43492.625,47976.625,41808.72023809523,-1,-0.6269692539297973
2011-07-31,38916.541666666664,0,6,7,40826.041666666664,44416.625,41022.994047619046,-1,-0.6092810385059336
2012-06-22,43250.041666666664,0,4,6,45850.125,31714.541666666668,35651.369047619046,-1,-0.5989226996927763
2012-07-06,43628.708333333336,0,4,7,45453.916666666664,43444.25,40648.3988095238,-1,-0.6095153684415109
2012-07-08,41265.375,0,6,7,44114.333333333336,38373.875,42016.47619047619,-1,-0.6011724377516433
2013-07-17,46413.041666666664,0,2,7,46078.541666666664,41440.916666666664,40627.875,-1,-0.600857282506512
2013-07-18,48366.708333333336,0,3,7,46413.041666666664,39939.291666666664,41831.79166666667,-1,-0.6141807935310364
2013-07-19,49271.0,0,4,7,48366.708333333336,34658.666666666664,43919.267857142855,-1,-0.670498232841231
2013-07-20,43570.125,0,5,7,49271.0,34139.083333333336,45266.55952380953,-1,-0.6366277024793945
2013-07-21,38947.958333333336,0,6,7,43570.125,38260.666666666664,45364.744047619046,-1,-0.6158210348296088
2013-07-22,41245.083333333336,0,0,7,38947.958333333336,44905.833333333336,44841.77976190477,-1,-0.6008008540714713
2013-07-23,41369.0,0,1,7,41245.083333333336,46078.541666666664,44168.98809523809,-1,-0.6042771300102221
2014-01-08,42378.458333333336,0,2,1,44652.791666666664,32360.916666666668,38452.05952380953,-1,-0.610537095556372
2014-01-29,41947.75,0,2,1,41845.416666666664,42421.916666666664,40029.35119047619,-1,-0.6115685688186928
2014-01-30,40929.708333333336,0,3,1,41947.75,41944.458333333336,39884.3869047619,-1,-0.6115495657719107
2015-02-20,44694.041666666664,0,4,2,42278.791666666664,39962.333333333336,41158.25,-1,-0.6083025796355795
2015-02-21,40918.666666666664,0,5,2,44694.041666666664,36800.625,41746.541666666664,-1,-0.6130331462500693
2015-02-22,33153.333333333336,0,6,2,40918.666666666664,40795.875,40654.75,-1,-0.6037149091700046
2015-10-11,23511.958333333332,0,6,10,23908.083333333332,24340.416666666668,26293.714285714286,-1,-0.5945462534771596
2016-04-24,22737.333333333332,0,6,4,24050.583333333332,23362.708333333332,25639.041666666664,-1,-0.60315155763168
2016-04-25,26139.375,0,0,4,22737.333333333332,26561.958333333332,25578.672619047615,-1,-0.5954076796541363
2016-05-15,23152.458333333332,0,6,5,23957.708333333332,22873.875,25771.333333333336,-1,-0.5949933657871248
2016-05-22,23595.416666666668,0,6,5,23928.916666666668,23152.458333333332,25694.27380952381,-1,-0.5984202010475564
2016-08-12,45724.708333333336,0,4,8,45225.458333333336,35492.5,39722.732142857145,-1,-0.599961103594424
2016-08-13,45185.833333333336,0,5,8,45724.708333333336,37284.0,40851.56547619048,-1,-0.6235683162016978
2016-08-14,44427.333333333336,0,6,8,45185.833333333336,34696.0,42241.755952380954,-1,-0.6277740150030194
2016-08-15,43938.875,0,0,8,44427.333333333336,36256.041666666664,43339.30357142857,-1,-0.6203668320387337
2016-08-16,43918.458333333336,0,1,8,43938.875,36814.666666666664,44354.130952380954,-1,-0.5998776191291967
2016-08-17,43134.958333333336,0,2,8,43918.458333333336,42058.25,44507.946428571435,-1,-0.6015044198779438
2016-08-18,40495.833333333336,0,3,8,43134.958333333336,45225.458333333336,43832.28571428572,-1,-0.6078904820206772
2016-08-19,40132.458333333336,0,4,8,40495.833333333336,45724.708333333336,43033.392857142855,-1,-0.5936579959295765
2016-08-20,37409.458333333336,0,5,8,40132.458333333336,45185.833333333336,41922.482142857145,-1,-0.5957850982408878
2016-08-21,35991.333333333336,0,6,8,37409.458333333336,44427.333333333336,40717.33928571428,-1,-0.6008693240247319
2016-10-16,23876.583333333332,0,6,10,24227.416666666668,23919.0,25818.85119047619,-1,-0.5969622115607084
2018-01-05,44197.791666666664,0,4,1,41065.0,39392.458333333336,40624.1369047619,-1,-0.6067816182981821
2018-01-06,43565.75,0,5,1,44197.791666666664,37419.041666666664,41502.2380952381,-1,-0.6420832568311599
2018-01-07,42159.708333333336,0,6,1,43565.75,39016.0,41951.33928571428,-1,-0.6553110598619136
2018-01-08,40300.666666666664,0,0,1,42159.708333333336,40191.041666666664,41967.0,-1,-0.6153446432989205
2018-01-09,35337.375,0,1,1,40300.666666666664,41627.333333333336,41068.43452380953,-1,-0.5957178936019947
2018-04-29,23541.916666666668,0,6,4,23777.708333333332,23878.875,25559.97023809524,-1,-0.6049475406065444
2018-07-03,45258.041666666664,0,1,7,45218.125,31780.416666666668,39510.642857142855,-1,-0.611428530977214
