Datetime,yhat
2017-01-01,25969.268289575655
2017-01-02,29880.75933698324
2017-01-03,33210.801432935055
2017-01-04,33321.14060368226
2017-01-05,33317.02038160793
2017-01-06,32961.88079950815
2017-01-07,30532.995846035144
2017-01-08,29930.530766989894
2017-01-09,33533.864391739065
2017-01-10,34179.60729044933
2017-01-11,34346.797734586115
2017-01-12,34382.69541304477
2017-01-13,34049.82096449044
2017-01-14,31624.957515235878
2017-01-15,31008.214879760737
2017-01-16,34112.60767940626
2017-01-17,35175.757920706084
2017-01-18,35277.665866113755
2017-01-19,35233.867619183424
2017-01-20,34808.73079332238
2017-01-21,32281.144320276795
2017-01-22,31553.524946932008
2017-01-23,35008.07312915749
2017-01-24,35484.71101322521
2017-01-25,35466.18671423686
2017-01-26,35303.76736923995
2017-01-27,34764.171770414505
2017-01-28,32128.46165536766
2017-01-29,31300.995263831726
2017-01-30,34665.6372864323
2017-01-31,35063.659045205866
2017-02-01,34978.81403127776
2017-02-02,34763.01193790572
2017-02-03,34183.2423829382
2017-02-04,31520.46750654239
2017-02-05,30678.586881583593
2017-02-06,34040.66841764283
2017-02-07,34446.87839510642
2017-02-08,34379.59481504601
2017-02-09,34189.12605552044
2017-02-10,33640.68470613481
2017-02-11,31013.334308725633
2017-02-12,30209.010889513786
2017-02-13,33608.811361541666
2017-02-14,34050.98032687862
2017-02-15,34016.07789721877
2017-02-16,33852.749039514994
2017-02-17,33324.74295831015
2017-02-18,30709.899042765086
2017-02-19,29909.200256001186
2017-02-20,34199.948846767555
2017-02-21,33729.450226365654
2017-02-22,33668.82273354199
2017-02-23,33470.12807418347
2017-02-24,32897.69683238235
2017-02-25,30230.230631063725
2017-02-26,29369.827639933843
2017-02-27,32698.26002231294
2017-02-28,33054.935371176645
2017-03-01,32922.02567250792
2017-03-02,32650.185588661272
2017-03-03,32005.510186236585
2017-03-04,29268.450525579603
2017-03-05,28342.7900986029
2017-03-06,31611.87567053927
2017-03-07,31916.5358605104
2017-03-08,31740.17215894071
2017-03-09,31434.445178818733
2017-03-10,30766.207086658487
2017-03-11,28016.399248476133
2017-03-12,27089.01847659483
2017-03-13,30367.345605432536
2017-03-14,30691.869674394515
2017-03-15,30545.39213532765
2017-03-16,30278.73338791177
2017-03-17,29657.691899712136
2017-03-18,26961.974083919675
2017-03-19,26094.19731303896
2017-03-20,29436.15867438352
2017-03-21,29826.801543582656
2017-03-22,29747.36314723077
2017-03-23,29547.1241646628
2017-03-24,28990.409401643712
2017-03-25,26355.556549544206
2017-03-26,25543.95434637135
2017-03-27,28936.341810453516
2017-03-28,29370.79984053617
2017-03-29,29327.917743448903
2017-03-30,29156.555317867318
2017-03-31,28620.849302469134
2017-04-01,25999.181178654206
2017-04-02,25193.207818674848
2017-04-03,28584.147014506816
2017-04-04,29010.749720811662
2017-04-05,28954.442270010553
2017-04-06,28765.06001734884
2017-04-07,28207.822159997002
2017-04-08,25562.26573188921
2017-04-09,24731.241321104586
2017-04-10,28097.163612433462
2017-04-11,28499.949635185934
2017-04-12,28422.128968079338
2017-04-13,28214.54827158064
2017-04-14,27643.320695548373
2017-04-15,24988.738836817054
2017-04-16,24154.25431689142
2017-04-17,27522.71744245262
2017-04-18,27934.31001757781
2017-04-19,27871.655573442677
2017-04-20,27685.52922831373
2017-04-21,27141.817403468696
2017-04-22,24520.445596436723
2017-04-23,23724.376674304192
2017-04-24,27135.872429922518
2017-04-25,27594.4506619471
2017-04-26,27582.02117598584
2017-04-27,27448.62201873786
2017-04-28,26959.405267645194
2017-04-29,24393.58970064891
2017-04-30,23653.481986907238
2017-05-01,27120.75840002558
2017-05-02,27634.438677505685
2017-05-03,27676.034910160175
2017-05-04,27595.29639901548
2017-05-05,27157.199578145417
2017-05-06,24640.900260193783
2017-05-07,23948.749934690295
2017-05-08,27462.568363240036
2017-05-09,28021.6044816207
2017-05-10,28107.669009399207
2017-05-11,28070.860333652792
2017-05-12,27676.53348555149
2017-05-13,25204.230253353337
2017-05-14,24556.672988985327
2017-05-15,28116.015191731247
2017-05-16,28721.781702940174
2017-05-17,28855.98269281866
2017-05-18,28868.823717056865
2017-05-19,28525.66227960097
2017-05-20,26105.929448345625
2017-05-21,25512.119452358453
2017-05-22,29126.040570857887
2017-05-23,29786.76022113474
2017-05-24,29975.728343220806
2017-05-25,30042.50112037979
2017-05-26,29751.71508453388
2017-05-27,27382.029628913373
2017-05-28,26835.140210733956
2017-05-29,28436.197477951522
2017-05-30,31191.06570371954
2017-05-31,31412.89984326268
2017-06-01,31506.468859282984
2017-06-02,31235.867958637595
2017-06-03,28879.340803966406
2017-06-04,28338.311879047127
2017-06-05,31993.678185572284
2017-06-06,32683.791751111166
2017-06-07,32889.61569932202
2017-06-08,32960.47470005606
2017-06-09,32661.048793128506
2017-06-10,30270.327755573315
2017-06-11,29690.627675276904
2017-06-12,33303.8619306656
2017-06-13,33949.49856625497
2017-06-14,34109.687471852936
2017-06-15,34134.97896758907
2017-06-16,33791.28367944493
2017-06-17,31358.79184604642
2017-06-18,30740.95474277222
2017-06-19,34320.72146731183
2017-06-20,34938.46411163105
2017-06-21,35077.07572205507
2017-06-22,35087.66357214236
2017-06-23,34736.48845562721
2017-06-24,32303.868836603167
2017-06-25,31693.153091300694
2017-06-26,35286.95346705356
2017-06-27,35925.07498518242
2017-06-28,36089.62370278151
2017-06-29,36130.716680731086
2017-06-30,35813.44399980024
2017-07-01,33416.801117320065
2017-07-02,32842.69408832546
2017-07-03,36472.21042011169
2017-07-04,33773.49160349936
2017-07-05,37337.36408162963
2017-07-06,37402.12959592516
2017-07-07,37101.531185212676
2017-07-08,34713.24484566495
2017-07-09,34138.01850019977
2017-07-10,37755.97655020118
2017-07-11,38404.61748383091
2017-07-12,38563.9870316808
2017-07-13,38582.447379516874
2017-07-14,38223.69108246298
2017-07-15,35765.71646528977
2017-07-16,35109.86575940692
2017-07-17,38637.1177440821
2017-07-18,39186.06644026303
2017-07-19,39238.06882194892
2017-07-20,39142.98271440452
2017-07-21,38666.144349520466
2017-07-22,36087.30333335567
2017-07-23,35309.617363759266
2017-07-24,38715.89963962322
2017-07-25,39146.55173766713
2017-07-26,39084.666168173055
2017-07-27,38881.721009169305
2017-07-28,38304.51726822957
2017-07-29,35634.07782120014
2017-07-30,34774.61124427448
2017-07-31,38109.7343160013
2017-08-01,38480.386632835325
2017-08-02,38369.92203159548
2017-08-03,38129.799500341665
2017-08-04,37526.524301693156
2017-08-05,34840.55802351547
2017-08-06,33975.30053381035
2017-08-07,37313.33708206094
2017-08-08,37694.383277001296
2017-08-09,37600.41176197596
2017-08-10,37381.382264239575
2017-08-11,36802.22463312765
2017-08-12,34141.79240093967
2017-08-13,33301.88862468502
2017-08-14,36663.55602931336
2017-08-15,37065.06299335242
2017-08-16,36987.06807507885
2017-08-17,36778.38373114118
2017-08-18,36202.98794504265
2017-08-19,33539.00055442264
2017-08-20,32687.725463300023
2017-08-21,36029.950376377274
2017-08-22,36403.93541118224
2017-08-23,36290.57330358882
2017-08-24,36039.14207619347
2017-08-25,35414.29929759959
2017-08-26,32695.03531115975
2017-08-27,31783.687369649513
2017-08-28,35062.20720065015
2017-08-29,35370.114355845544
2017-08-30,35189.61913727448
2017-08-31,34871.33709419652
2017-09-01,34181.24535639095
2017-09-02,31399.59929921268
2017-09-03,30429.912539875684
2017-09-04,29706.073766632362
2017-09-05,33915.873620895065
2017-09-06,33694.90613941462
2017-09-07,33343.46733091322
2017-09-08,32627.901524606365
2017-09-09,29828.634197887826
2017-09-10,28849.15429001782
2017-09-11,32072.259325365954
2017-09-12,32337.99620069252
2017-09-13,32128.781620455273
2017-09-14,31795.124052127867
2017-09-15,31102.597038570195
2017-09-16,28330.78164335589
2017-09-17,27382.280042299564
2017-09-18,30638.992543872406
2017-09-19,30940.089840965044
2017-09-20,30767.163448934218
2017-09-21,30469.97522649084
2017-09-22,29813.454926536753
2017-09-23,27076.662775529083
2017-09-24,26161.818454764612
2017-09-25,29450.588283330475
2017-09-26,29782.062095171277
2017-09-27,29637.90263686848
2017-09-28,29368.08844088148
2017-09-29,28737.899363950415
2017-09-30,26026.86220866299
2017-10-01,25137.758384717035
2017-10-02,28452.886138447087
2017-10-03,28812.009694148386
2017-10-04,28697.479080634563
2017-10-05,28459.942610504477
2017-10-06,27865.302247723248
2017-10-07,25193.630327841303
2017-10-08,24348.150600147208
2017-10-09,27700.438854767333
2017-10-10,28123.543813422177
2017-10-11,28066.710325061475
2017-10-12,27891.464837278334
2017-10-13,27363.376357016074
2017-10-14,24762.014044170814
2017-10-15,23989.936951158994
2017-10-16,27428.947429206597
2017-10-17,27918.041034979506
2017-10-18,27938.536891867647
2017-10-19,27839.810335669285
2017-10-20,27386.27762459619
2017-10-21,24856.350414214976
2017-10-22,24151.46191555147
2017-10-23,27652.35690177712
2017-10-24,28197.07722657952
2017-10-25,28266.125646405508
2017-10-26,28208.228658700216
2017-10-27,27787.34709850207
2017-10-28,25281.651269467773
2017-10-29,24592.561746593583
2017-10-30,28101.047404684618
2017-10-31,28645.61191576092
2017-11-01,28707.451294572405
2017-11-02,28636.2032090503
2017-11-03,28196.93702283576
2017-11-04,25669.101789031818
2017-11-05,24955.533983105113
2017-11-06,28438.717372114836
2017-11-07,28958.727276447768
2017-11-08,28998.342959290625
2017-11-09,28908.75012747148
2017-11-10,27803.46996806759
2017-11-11,25758.62467209969
2017-11-12,25210.291916190163
2017-11-13,28703.805331050313
2017-11-14,29243.652945853668
2017-11-15,29313.045597734897
2017-11-16,29263.303741830237
2017-11-17,28860.786749424922
2017-11-18,26385.78970622266
2017-11-19,25741.511214379683
2017-11-20,29310.286021469357
2017-11-21,29931.515822918853
2017-11-22,30086.782689993976
2017-11-23,26184.125470377967
2017-11-24,29812.223048546795
2017-11-25,27424.92151510244
2017-11-26,26864.675862075106
2017-11-27,30511.63022730241
2017-11-28,31203.049539836295
2017-11-29,31418.491750698016
2017-11-30,31505.583289144102
2017-12-01,31227.046362683643
2017-12-02,28859.694654568506
2017-12-03,28303.49823657495
2017-12-04,31937.908839201387
2017-12-05,32599.87622418466
2017-12-06,32769.03766341456
2017-12-07,32793.50059944577
2017-12-08,32436.866760525227
2017-12-09,29977.214216394757
2017-12-10,29316.138407853345
2017-12-11,32835.04378697488
2017-12-12,33373.11757650315
2017-12-13,33412.46866606093
2017-12-14,33303.85295921683
2017-12-15,32813.63487563088
2017-12-16,30222.70308166501
2017-12-17,29435.44318287305
2017-12-18,32835.960783930685
2017-12-19,33265.98821366202
2017-12-20,33209.95969438344
2017-12-21,33020.677955147294
2017-12-22,32466.22355732383
2017-12-23,29828.826405145737
2017-12-24,29013.80337078804
2017-12-25,28905.898465461923
2017-12-26,32846.46508531736
2017-12-27,32819.95891941475
2017-12-28,32678.192311839266
2017-12-29,32187.9734898455
2017-12-30,29629.866258531434
2017-12-31,28907.167796375437
2018-01-01,29251.19829861043
2018-01-02,32954.037901055926
2018-01-03,33044.08651864105
2018-01-04,33021.38158325777
2018-01-05,32649.80952901893
2018-01-06,30207.036297923103
2018-01-07,29593.555494014556
2018-01-08,33189.00323908105
2018-01-09,33830.17072095089
2018-01-10,33996.196542601894
2018-01-11,34034.3589059796
2018-01-12,33707.11571734095
2018-01-13,31291.108773291355
2018-01-14,30686.232599338335
2018-01-15,33805.21905891113
2018-01-16,34885.348087474384
2018-01-17,35006.22815536516
2018-01-18,34982.964614376746
2018-01-19,34579.46700160173
2018-01-20,32074.151039475026
2018-01-21,31368.95755110716
2018-01-22,34845.62066675063
2018-01-23,35343.61768471954
2018-01-24,35345.28448362007
2018-01-25,35201.518673964645
2018-01-26,34678.7210357722
2018-01-27,32057.694097945197
2018-01-28,31242.601290829283
2018-01-29,34617.18066764382
2018-01-30,35022.64695551588
2018-01-31,34942.76703523042
2018-02-01,34729.5320148853
2018-02-02,34150.077169946555
2018-02-03,31485.569063438445
2018-02-04,30640.16345649535
2018-02-05,33997.22790324919
2018-02-06,34397.262412813936
2018-02-07,34323.00263733929
2018-02-08,34125.1278682135
2018-02-09,33569.224014385916
2018-02-10,30934.719594477057
2018-02-11,30123.896925213852
2018-02-12,33518.17086733277
2018-02-13,33956.06691810772
2018-02-14,33918.3814992974
2018-02-15,33753.94514150116
2018-02-16,33226.63723019255
2018-02-17,30614.368950307173
2018-02-18,29818.13536887726
2018-02-19,34115.19154899859
2018-02-20,33652.738503317305
2018-02-21,33601.73662807347
2018-02-22,33414.04127949487
2018-02-23,32853.73472376091
2018-02-24,30199.23583926634
2018-02-25,29352.334040632653
2018-02-26,32694.47576606802
2018-02-27,33064.73531432737
2018-02-28,32944.95329807568
2018-03-01,32685.464236893615
2018-03-02,32052.06315308077
2018-03-03,29324.929342586354
2018-03-04,28407.610085704204
2018-03-05,31683.257659932846
2018-03-06,31992.552831080862
2018-03-07,31818.799399568306
2018-03-08,31513.61251940819
2018-03-09,30843.851698833834
2018-03-10,28090.517524398183
2018-03-11,27157.715543564227
2018-03-12,30428.881123360392
2018-03-13,30744.698690610625
2018-03-14,30588.199931232444
2018-03-15,30310.463440497413
2018-03-16,29677.566291620224
2018-03-17,26969.50592218143
2018-03-18,26089.19495214142
2018-03-19,29418.721776870043
2018-03-20,29797.30924405899
2018-03-21,29706.454806655678
2018-03-22,29495.673405017653
2018-03-23,28929.492290617593
2018-03-24,26286.41495607241
2018-03-25,25467.955606546137
2018-03-26,28854.93592672861
2018-03-27,29285.475482952028
2018-03-28,29240.15832980106
2018-03-29,29067.79641979027
2018-03-30,28532.4385586344
2018-03-31,25912.341796699668
2018-04-01,25109.006617927065
2018-04-02,28503.46780609522
2018-04-03,28934.272646033587
2018-04-04,28882.629526664
2018-04-05,28698.14820389423
2018-04-06,28145.821264684506
2018-04-07,25504.964594602738
2018-04-08,24678.21920579484
2018-04-09,28047.807352970332
2018-04-10,28453.47566281791
2018-04-11,28377.609398237924
2018-04-12,28170.940125695142
2018-04-13,27599.497262120152
2018-04-14,24943.52213716739
2018-04-15,24106.44763516417
2018-04-16,27471.136906774267
2018-04-17,27877.814277372818
2018-04-18,27809.1727059819
2018-04-19,27616.080120500654
2018-04-20,27064.53499050228
2018-04-21,24434.58949133951
2018-04-22,23629.342886944534
2018-04-23,27031.198045622972
2018-04-24,27479.81352183599
2018-04-25,27457.234769510927
2018-04-26,27313.62595645269
2018-04-27,26814.251845735234
2018-04-28,24238.427192334755
2018-04-29,23488.53539645271
2018-04-30,26946.3084895085
2018-05-01,27450.80012224857
2018-05-02,27483.534455139525
2018-05-03,27394.251874584115
2018-05-04,26947.900590455807
2018-05-05,24423.59130087813
2018-05-06,23723.61655834171
2018-05-07,27229.726963507444
2018-05-08,27781.09606088028
2018-05-09,27859.457188044547
2018-05-10,27814.833687750343
2018-05-11,27412.512141267427
2018-05-12,24931.976508543114
2018-05-13,24275.905581986477
2018-05-14,27826.42669959363
2018-05-15,28423.058430750483
2018-05-16,28547.8263167338
2018-05-17,28550.973869018617
2018-05-18,28197.919214672027
2018-05-19,25768.175917396904
2018-05-20,25164.34091467911
2018-05-21,28768.34292245784
2018-05-22,29419.384284615542
2018-05-23,29599.06046139045
2018-05-24,29657.07931575402
2018-05-25,29358.23038683478
2018-05-26,26981.322327995615
2018-05-27,26428.19095843153
2018-05-28,28024.11333383178
2018-05-29,30775.06139113603
2018-05-30,30994.27464770015
2018-05-31,31086.57975611744
2018-06-01,30816.099695882112
2018-06-02,28461.073783774897
2018-06-03,27922.888775002233
2018-06-04,31582.3702981057
2018-06-05,32277.766138259776
2018-06-06,32489.90412279722
2018-06-07,32567.945396991017
2018-06-08,32276.3820220949
2018-06-09,29893.995973014742
2018-06-10,29322.881078097158
2018-06-11,32944.71995491891
2018-06-12,33598.74776607045
2018-06-13,33766.88601999707
2018-06-14,33799.467826475724
2018-06-15,33462.20429336401
2018-06-16,31035.110008418167
2018-06-17,30421.49010231392
2018-06-18,34004.18195952598
2018-06-19,34623.48444322366
2018-06-20,34762.25889954936
2018-06-21,34771.62435808296
2018-06-22,34417.897558208824
2018-06-23,31981.496595314235
2018-06-24,31365.91141318395
2018-06-25,34953.93479644685
2018-06-26,35585.58715377306
2018-06-27,35743.219605065635
2018-06-28,35777.21785007092
2018-06-29,35452.95731855099
2018-06-30,33049.72807692694
2018-07-01,32469.732216687873
2018-07-02,36094.346708004145
2018-07-03,36762.0841869442
2018-07-04,33583.63903470373
2018-07-05,37018.11359330236
2018-07-06,36719.05362367656
2018-07-07,34334.37742048252
2018-07-08,33764.93302089779
2018-07-09,37390.8956037474
2018-07-10,38049.76303173144
2018-07-11,38221.52829844676
2018-07-12,38254.449420341676
2018-07-13,37912.06540940268
2018-07-14,35472.1750640951
2018-07-15,34835.87974430283
2018-07-16,38383.88177772439
2018-07-17,38954.46989387639
2018-07-18,39028.67447062823
2018-07-19,38956.013559526175
2018-07-20,38501.47894019679
2018-07-21,35944.47972778779
2018-07-22,35187.8456357036
2018-07-23,38614.082602214214
2018-07-24,39063.313331927326
2018-07-25,39018.386754897445
2018-07-26,38830.578614380094
2018-07-27,38266.533671203964
2018-07-28,35607.16824355934
2018-07-29,34756.63630302237
2018-07-30,38098.55284541877
2018-07-31,38473.907960997094
2018-08-01,38366.1563181105
2018-08-02,38126.90480125465
2018-08-03,37522.849124444576
