Datetime,predicted_mean
2017-01-01,29862.522301796795
2017-01-02,32554.927106231215
2017-01-03,32548.297846988346
2017-01-04,32379.644357899848
2017-01-05,32687.747895901037
2017-01-06,32720.506778270777
2017-01-07,30457.94601163855
2017-01-08,29037.50414860854
2017-01-09,31857.98115421256
2017-01-10,31831.446227983044
2017-01-11,31909.906240816214
2017-01-12,32387.25373857443
2017-01-13,32446.395446776103
2017-01-14,30296.058406414806
2017-01-15,28939.450019915024
2017-01-16,31778.647661242623
2017-01-17,31776.906816107843
2017-01-18,31856.02359911054
2017-01-19,32336.46696121761
2017-01-20,32406.61554579653
2017-01-21,30258.552872630975
2017-01-22,28905.95272725992
2017-01-23,31750.982066770463
2017-01-24,31753.336383255137
2017-01-25,31837.30269718962
2017-01-26,32321.54513399108
2017-01-27,32394.18596507807
2017-01-28,30248.68241003731
2017-01-29,28898.02798573817
2017-01-30,31744.4685679674
2017-01-31,31748.036893179382
2017-02-01,31832.891301509946
2017-02-02,32317.878882484398
2017-02-03,32391.1803820906
2017-02-04,30246.182385500295
2017-02-05,28895.955973498025
2017-02-06,31742.762984688034
2017-02-07,31746.628885001195
2017-02-08,31831.7364710943
2017-02-09,32316.931311138535
2017-02-10,32390.39979974381
2017-02-11,30245.542069268584
2017-02-12,28895.430180002164
2017-02-13,31742.330363320147
2017-02-14,31746.273229058068
2017-02-15,31831.443525613617
2017-02-16,32316.69004932375
2017-02-17,32390.20133407354
2017-02-18,30245.3786057045
2017-02-19,28895.29558629518
2017-02-20,31742.21960588599
2017-02-21,31746.182063785156
2017-02-22,31831.368528969408
2017-02-23,32316.62835145349
2017-02-24,32390.150559483376
2017-02-25,30245.336835674254
2017-02-26,28895.261220871904
2017-02-27,31742.191327565688
2017-02-28,31746.158796072446
2017-03-01,31831.349380879794
2017-03-02,32316.612593764763
2017-03-03,32390.13759318001
2017-03-04,30245.326165139973
2017-03-05,28895.25243985452
2017-03-06,31742.184101839364
2017-03-07,31746.152850036724
2017-03-08,31831.344488135714
2017-03-09,32316.60856771757
2017-03-10,32390.134280206577
2017-03-11,30245.323439029464
2017-03-12,28895.250196632398
2017-03-13,31742.182255941974
2017-03-14,31746.151331098565
2017-03-15,31831.34323822556
2017-03-16,32316.607539187255
2017-03-17,32390.133433853334
2017-03-18,30245.32274257903
2017-03-19,28895.249623535852
2017-03-20,31742.18178435318
2017-03-21,31746.150943037595
2017-03-22,31831.342918899292
2017-03-23,32316.60727642109
2017-03-24,32390.13321762862
2017-03-25,30245.322564652764
2017-03-26,28895.24947712439
2017-03-27,31742.181663874377
2017-03-28,31746.150843898267
2017-03-29,31831.342837319644
2017-03-30,32316.607209290934
2017-03-31,32390.133162388684
2017-04-01,30245.322519196998
2017-04-02,28895.249439719813
2017-04-03,31742.181633094962
2017-04-04,31746.15081857055
2017-04-05,31831.34281647802
2017-04-06,32316.60719214082
2017-04-07,32390.133148276225
2017-04-08,30245.322507584166
2017-04-09,28895.249430163865
2017-04-10,31742.18162523158
2017-04-11,31746.150812099946
2017-04-12,31831.3428111535
2017-04-13,32316.607187759386
2017-04-14,32390.13314467084
2017-04-15,30245.322504617372
2017-04-16,28895.249427722556
2017-04-17,31742.181623222677
2017-04-18,31746.150810446867
2017-04-19,31831.342809793216
2017-04-20,32316.607186640038
2017-04-21,32390.13314374975
2017-04-22,30245.32250385943
2017-04-23,28895.24942709886
2017-04-24,31742.181622709453
2017-04-25,31746.150810024545
2017-04-26,31831.342809445698
2017-04-27,32316.60718635407
2017-04-28,32390.133143514435
2017-04-29,30245.322503665793
2017-04-30,28895.24942693952
2017-05-01,31742.181622578337
2017-05-02,31746.150809916653
2017-05-03,31831.342809356916
2017-05-04,32316.607186281013
2017-05-05,32390.133143454317
2017-05-06,30245.322503616324
2017-05-07,28895.249426898816
2017-05-08,31742.18162254484
2017-05-09,31746.150809889088
2017-05-10,31831.342809334234
2017-05-11,32316.60718626235
2017-05-12,32390.133143438958
2017-05-13,30245.322503603686
2017-05-14,28895.249426888415
2017-05-15,31742.18162253628
2017-05-16,31746.150809882045
2017-05-17,31831.34280932844
2017-05-18,32316.60718625758
2017-05-19,32390.133143435032
2017-05-20,30245.322503600455
2017-05-21,28895.24942688576
2017-05-22,31742.181622534095
2017-05-23,31746.150809880244
2017-05-24,31831.342809326958
2017-05-25,32316.607186256362
2017-05-26,32390.133143434028
2017-05-27,30245.32250359963
2017-05-28,28895.24942688508
2017-05-29,31742.181622533535
2017-05-30,31746.150809879786
2017-05-31,31831.34280932658
2017-06-01,32316.60718625605
2017-06-02,32390.133143433774
2017-06-03,30245.32250359942
2017-06-04,28895.249426884904
2017-06-05,31742.181622533393
2017-06-06,31746.15080987967
2017-06-07,31831.34280932648
2017-06-08,32316.60718625597
2017-06-09,32390.133143433708
2017-06-10,30245.322503599364
2017-06-11,28895.24942688486
2017-06-12,31742.181622533357
2017-06-13,31746.15080987964
2017-06-14,31831.342809326456
2017-06-15,32316.607186255947
2017-06-16,32390.13314343369
2017-06-17,30245.32250359935
2017-06-18,28895.24942688485
2017-06-19,31742.181622533346
2017-06-20,31746.150809879633
2017-06-21,31831.34280932645
2017-06-22,32316.607186255944
2017-06-23,32390.133143433686
2017-06-24,30245.322503599346
2017-06-25,28895.249426884846
2017-06-26,31742.181622533342
2017-06-27,31746.15080987963
2017-06-28,31831.34280932645
2017-06-29,32316.607186255944
2017-06-30,32390.133143433686
2017-07-01,30245.322503599346
2017-07-02,28895.249426884846
2017-07-03,31742.181622533342
2017-07-04,31746.15080987963
2017-07-05,31831.34280932645
2017-07-06,32316.607186255944
2017-07-07,32390.133143433686
2017-07-08,30245.322503599346
2017-07-09,28895.249426884846
2017-07-10,31742.181622533342
2017-07-11,31746.15080987963
2017-07-12,31831.34280932645
2017-07-13,32316.607186255944
2017-07-14,32390.133143433686
2017-07-15,30245.322503599346
2017-07-16,28895.249426884846
2017-07-17,31742.181622533342
2017-07-18,31746.15080987963
2017-07-19,31831.34280932645
2017-07-20,32316.607186255944
2017-07-21,32390.133143433686
2017-07-22,30245.322503599346
2017-07-23,28895.249426884846
2017-07-24,31742.181622533342
2017-07-25,31746.15080987963
2017-07-26,31831.34280932645
2017-07-27,32316.607186255944
2017-07-28,32390.133143433686
2017-07-29,30245.322503599346
2017-07-30,28895.249426884846
2017-07-31,31742.181622533342
2017-08-01,31746.15080987963
2017-08-02,31831.34280932645
2017-08-03,32316.607186255944
2017-08-04,32390.133143433686
2017-08-05,30245.322503599346
2017-08-06,28895.249426884846
2017-08-07,31742.181622533342
2017-08-08,31746.15080987963
2017-08-09,31831.34280932645
2017-08-10,32316.607186255944
2017-08-11,32390.133143433686
2017-08-12,30245.322503599346
2017-08-13,28895.249426884846
2017-08-14,31742.181622533342
2017-08-15,31746.15080987963
2017-08-16,31831.34280932645
2017-08-17,32316.607186255944
2017-08-18,32390.133143433686
2017-08-19,30245.322503599346
2017-08-20,28895.249426884846
2017-08-21,31742.181622533342
2017-08-22,31746.15080987963
2017-08-23,31831.34280932645
2017-08-24,32316.607186255944
2017-08-25,32390.133143433686
2017-08-26,30245.322503599346
2017-08-27,28895.249426884846
2017-08-28,31742.181622533342
2017-08-29,31746.15080987963
2017-08-30,31831.34280932645
2017-08-31,32316.607186255944
2017-09-01,32390.133143433686
2017-09-02,30245.322503599346
2017-09-03,28895.249426884846
2017-09-04,31742.181622533342
2017-09-05,31746.15080987963
2017-09-06,31831.34280932645
2017-09-07,32316.607186255944
2017-09-08,32390.133143433686
2017-09-09,30245.322503599346
2017-09-10,28895.249426884846
2017-09-11,31742.181622533342
2017-09-12,31746.15080987963
2017-09-13,31831.34280932645
2017-09-14,32316.607186255944
2017-09-15,32390.133143433686
2017-09-16,30245.322503599346
2017-09-17,28895.249426884846
2017-09-18,31742.181622533342
2017-09-19,31746.15080987963
2017-09-20,31831.34280932645
2017-09-21,32316.607186255944
2017-09-22,32390.133143433686
2017-09-23,30245.322503599346
2017-09-24,28895.249426884846
2017-09-25,31742.181622533342
2017-09-26,31746.15080987963
2017-09-27,31831.34280932645
2017-09-28,32316.607186255944
2017-09-29,32390.133143433686
2017-09-30,30245.322503599346
2017-10-01,28895.249426884846
2017-10-02,31742.181622533342
2017-10-03,31746.15080987963
2017-10-04,31831.34280932645
2017-10-05,32316.607186255944
2017-10-06,32390.133143433686
2017-10-07,30245.322503599346
2017-10-08,28895.249426884846
2017-10-09,31742.181622533342
2017-10-10,31746.15080987963
2017-10-11,31831.34280932645
2017-10-12,32316.607186255944
2017-10-13,32390.133143433686
2017-10-14,30245.322503599346
2017-10-15,28895.249426884846
2017-10-16,31742.181622533342
2017-10-17,31746.15080987963
2017-10-18,31831.34280932645
2017-10-19,32316.607186255944
2017-10-20,32390.133143433686
2017-10-21,30245.322503599346
2017-10-22,28895.249426884846
2017-10-23,31742.181622533342
2017-10-24,31746.15080987963
2017-10-25,31831.34280932645
2017-10-26,32316.607186255944
2017-10-27,32390.133143433686
2017-10-28,30245.322503599346
2017-10-29,28895.249426884846
2017-10-30,31742.181622533342
2017-10-31,31746.15080987963
2017-11-01,31831.34280932645
2017-11-02,32316.607186255944
2017-11-03,32390.133143433686
2017-11-04,30245.322503599346
2017-11-05,28895.249426884846
2017-11-06,31742.181622533342
2017-11-07,31746.15080987963
2017-11-08,31831.34280932645
2017-11-09,32316.607186255944
2017-11-10,32390.133143433686
2017-11-11,30245.322503599346
2017-11-12,28895.249426884846
2017-11-13,31742.181622533342
2017-11-14,31746.15080987963
2017-11-15,31831.34280932645
2017-11-16,32316.607186255944
2017-11-17,32390.133143433686
2017-11-18,30245.322503599346
2017-11-19,28895.249426884846
2017-11-20,31742.181622533342
2017-11-21,31746.15080987963
2017-11-22,31831.34280932645
2017-11-23,32316.607186255944
2017-11-24,32390.133143433686
2017-11-25,30245.322503599346
2017-11-26,28895.249426884846
2017-11-27,31742.181622533342
2017-11-28,31746.15080987963
2017-11-29,31831.34280932645
2017-11-30,32316.607186255944
2017-12-01,32390.133143433686
2017-12-02,30245.322503599346
2017-12-03,28895.249426884846
2017-12-04,31742.181622533342
2017-12-05,31746.15080987963
2017-12-06,31831.34280932645
2017-12-07,32316.607186255944
2017-12-08,32390.133143433686
2017-12-09,30245.322503599346
2017-12-10,28895.249426884846
2017-12-11,31742.181622533342
2017-12-12,31746.15080987963
2017-12-13,31831.34280932645
2017-12-14,32316.607186255944
2017-12-15,32390.133143433686
2017-12-16,30245.322503599346
2017-12-17,28895.249426884846
2017-12-18,31742.181622533342
2017-12-19,31746.15080987963
2017-12-20,31831.34280932645
2017-12-21,32316.607186255944
2017-12-22,32390.133143433686
2017-12-23,30245.322503599346
2017-12-24,28895.249426884846
2017-12-25,31742.181622533342
2017-12-26,31746.15080987963
2017-12-27,31831.34280932645
2017-12-28,32316.607186255944
2017-12-29,32390.133143433686
2017-12-30,30245.322503599346
2017-12-31,28895.249426884846
2018-01-01,31742.181622533342
2018-01-02,31746.15080987963
2018-01-03,31831.34280932645
2018-01-04,32316.607186255944
2018-01-05,32390.133143433686
2018-01-06,30245.322503599346
2018-01-07,28895.249426884846
2018-01-08,31742.181622533342
2018-01-09,31746.15080987963
2018-01-10,31831.34280932645
2018-01-11,32316.607186255944
2018-01-12,32390.133143433686
2018-01-13,30245.322503599346
2018-01-14,28895.249426884846
2018-01-15,31742.181622533342
2018-01-16,31746.15080987963
2018-01-17,31831.34280932645
2018-01-18,32316.607186255944
2018-01-19,32390.133143433686
2018-01-20,30245.322503599346
2018-01-21,28895.249426884846
2018-01-22,31742.181622533342
2018-01-23,31746.15080987963
2018-01-24,31831.34280932645
2018-01-25,32316.607186255944
2018-01-26,32390.133143433686
2018-01-27,30245.322503599346
2018-01-28,28895.249426884846
2018-01-29,31742.181622533342
2018-01-30,31746.15080987963
2018-01-31,31831.34280932645
2018-02-01,32316.607186255944
2018-02-02,32390.133143433686
2018-02-03,30245.322503599346
2018-02-04,28895.249426884846
2018-02-05,31742.181622533342
2018-02-06,31746.15080987963
2018-02-07,31831.34280932645
2018-02-08,32316.607186255944
2018-02-09,32390.133143433686
2018-02-10,30245.322503599346
2018-02-11,28895.249426884846
2018-02-12,31742.181622533342
2018-02-13,31746.15080987963
2018-02-14,31831.34280932645
2018-02-15,32316.607186255944
2018-02-16,32390.133143433686
2018-02-17,30245.322503599346
2018-02-18,28895.249426884846
2018-02-19,31742.181622533342
2018-02-20,31746.15080987963
2018-02-21,31831.34280932645
2018-02-22,32316.607186255944
2018-02-23,32390.133143433686
2018-02-24,30245.322503599346
2018-02-25,28895.249426884846
2018-02-26,31742.181622533342
2018-02-27,31746.15080987963
2018-02-28,31831.34280932645
2018-03-01,32316.607186255944
2018-03-02,32390.133143433686
2018-03-03,30245.322503599346
2018-03-04,28895.249426884846
2018-03-05,31742.181622533342
2018-03-06,31746.15080987963
2018-03-07,31831.34280932645
2018-03-08,32316.607186255944
2018-03-09,32390.133143433686
2018-03-10,30245.322503599346
2018-03-11,28895.249426884846
2018-03-12,31742.181622533342
2018-03-13,31746.15080987963
2018-03-14,31831.34280932645
2018-03-15,32316.607186255944
2018-03-16,32390.133143433686
2018-03-17,30245.322503599346
2018-03-18,28895.249426884846
2018-03-19,31742.181622533342
2018-03-20,31746.15080987963
2018-03-21,31831.34280932645
2018-03-22,32316.607186255944
2018-03-23,32390.133143433686
2018-03-24,30245.322503599346
2018-03-25,28895.249426884846
2018-03-26,31742.181622533342
2018-03-27,31746.15080987963
2018-03-28,31831.34280932645
2018-03-29,32316.607186255944
2018-03-30,32390.133143433686
2018-03-31,30245.322503599346
2018-04-01,28895.249426884846
2018-04-02,31742.181622533342
2018-04-03,31746.15080987963
2018-04-04,31831.34280932645
2018-04-05,32316.607186255944
2018-04-06,32390.133143433686
2018-04-07,30245.322503599346
2018-04-08,28895.249426884846
2018-04-09,31742.181622533342
2018-04-10,31746.15080987963
2018-04-11,31831.34280932645
2018-04-12,32316.607186255944
2018-04-13,32390.133143433686
2018-04-14,30245.322503599346
2018-04-15,28895.249426884846
2018-04-16,31742.181622533342
2018-04-17,31746.15080987963
2018-04-18,31831.34280932645
2018-04-19,32316.607186255944
2018-04-20,32390.133143433686
2018-04-21,30245.322503599346
2018-04-22,28895.249426884846
2018-04-23,31742.181622533342
2018-04-24,31746.15080987963
2018-04-25,31831.34280932645
2018-04-26,32316.607186255944
2018-04-27,32390.133143433686
2018-04-28,30245.322503599346
2018-04-29,28895.249426884846
2018-04-30,31742.181622533342
2018-05-01,31746.15080987963
2018-05-02,31831.34280932645
2018-05-03,32316.607186255944
2018-05-04,32390.133143433686
2018-05-05,30245.322503599346
2018-05-06,28895.249426884846
2018-05-07,31742.181622533342
2018-05-08,31746.15080987963
2018-05-09,31831.34280932645
2018-05-10,32316.607186255944
2018-05-11,32390.133143433686
2018-05-12,30245.322503599346
2018-05-13,28895.249426884846
2018-05-14,31742.181622533342
2018-05-15,31746.15080987963
2018-05-16,31831.34280932645
2018-05-17,32316.607186255944
2018-05-18,32390.133143433686
2018-05-19,30245.322503599346
2018-05-20,28895.249426884846
2018-05-21,31742.181622533342
2018-05-22,31746.15080987963
2018-05-23,31831.34280932645
2018-05-24,32316.607186255944
2018-05-25,32390.133143433686
2018-05-26,30245.322503599346
2018-05-27,28895.249426884846
2018-05-28,31742.181622533342
2018-05-29,31746.15080987963
2018-05-30,31831.34280932645
2018-05-31,32316.607186255944
2018-06-01,32390.133143433686
2018-06-02,30245.322503599346
2018-06-03,28895.249426884846
2018-06-04,31742.181622533342
2018-06-05,31746.15080987963
2018-06-06,31831.34280932645
2018-06-07,32316.607186255944
2018-06-08,32390.133143433686
2018-06-09,30245.322503599346
2018-06-10,28895.249426884846
2018-06-11,31742.181622533342
2018-06-12,31746.15080987963
2018-06-13,31831.34280932645
2018-06-14,32316.607186255944
2018-06-15,32390.133143433686
2018-06-16,30245.322503599346
2018-06-17,28895.249426884846
2018-06-18,31742.181622533342
2018-06-19,31746.15080987963
2018-06-20,31831.34280932645
2018-06-21,32316.607186255944
2018-06-22,32390.133143433686
2018-06-23,30245.322503599346
2018-06-24,28895.249426884846
2018-06-25,31742.181622533342
2018-06-26,31746.15080987963
2018-06-27,31831.34280932645
2018-06-28,32316.607186255944
2018-06-29,32390.133143433686
2018-06-30,30245.322503599346
2018-07-01,28895.249426884846
2018-07-02,31742.181622533342
2018-07-03,31746.15080987963
2018-07-04,31831.34280932645
2018-07-05,32316.607186255944
2018-07-06,32390.133143433686
2018-07-07,30245.322503599346
2018-07-08,28895.249426884846
2018-07-09,31742.181622533342
2018-07-10,31746.15080987963
2018-07-11,31831.34280932645
2018-07-12,32316.607186255944
2018-07-13,32390.133143433686
2018-07-14,30245.322503599346
2018-07-15,28895.249426884846
2018-07-16,31742.181622533342
2018-07-17,31746.15080987963
2018-07-18,31831.34280932645
2018-07-19,32316.607186255944
2018-07-20,32390.133143433686
2018-07-21,30245.322503599346
2018-07-22,28895.249426884846
2018-07-23,31742.181622533342
2018-07-24,31746.15080987963
2018-07-25,31831.34280932645
2018-07-26,32316.607186255944
2018-07-27,32390.133143433686
2018-07-28,30245.322503599346
2018-07-29,28895.249426884846
2018-07-30,31742.181622533342
2018-07-31,31746.15080987963
2018-08-01,31831.34280932645
2018-08-02,32316.607186255944
2018-08-03,32390.133143433686
